{"cameraMode":{"drawMode":0,"name":"Shaded","section":"Shading Mode"},"sceneLighting":true,"audioPlay":false,"sceneViewState":{"showFog":true,"showMaterialUpdate":false,"showSkybox":true,"showFlares":true,"showImageEffects":true,"showParticleSystems":true},"in2DMode":false,"pivot":{"x":-3.1295852661132814,"y":3.0575613975524904,"z":-8.329524993896485},"rotation":{"x":0.006797372363507748,"y":0.9883052706718445,"z":-0.14513449370861054,"w":0.04628709703683853},"size":16.209733963012697,"orthographic":false}