{"cameraMode":{"drawMode":0,"name":"Shaded","section":"Shading Mode"},"sceneLighting":true,"audioPlay":false,"sceneViewState":{"showFog":true,"showMaterialUpdate":false,"showSkybox":true,"showFlares":true,"showImageEffects":true,"showParticleSystems":true},"in2DMode":false,"pivot":{"x":-2.309999942779541,"y":0.47499996423721316,"z":0.0},"rotation":{"x":0.013327809982001782,"y":0.9665975570678711,"z":-0.2507396936416626,"w":0.05139240622520447},"size":2.3308465480804445,"orthographic":false}