{"cameraMode":{"drawMode":0,"name":"Shaded","section":"Shading Mode"},"sceneLighting":true,"audioPlay":false,"sceneViewState":{"showFog":true,"showMaterialUpdate":false,"showSkybox":true,"showFlares":true,"showImageEffects":true,"showParticleSystems":true},"in2DMode":false,"pivot":{"x":-31.644760131835939,"y":-5.821285247802734,"z":11.101244926452637},"rotation":{"x":0.15993961691856385,"y":-0.6666135787963867,"z":0.14963413774967194,"w":0.7124993801116943},"size":23.417558670043947,"orthographic":false}